<?xml version="1.0" encoding="UTF-8"?>
<project-private xmlns="http://www.netbeans.org/ns/project-private/1">
    <editor-bookmarks xmlns="http://www.netbeans.org/ns/editor-bookmarks/2" lastBookmarkId="1">
        <file>
            <url>src/Main.java</url>
            <bookmark id="1">
                <name/>
                <line>329</line>
                <key/>
            </bookmark>
        </file>
    </editor-bookmarks>
    <open-files xmlns="http://www.netbeans.org/ns/projectui-open-files/2">
        <group>
            <file>file:/C:/Users/azman/OneDrive/Desktop/COE528/Project/Bank/src/coe528/project/Main.java</file>
            <file>file:/C:/Users/azman/OneDrive/Desktop/COE528/Project/Bank/src/coe528/project/Platinum.java</file>
            <file>file:/C:/Users/azman/OneDrive/Desktop/COE528/Project/Bank/src/coe528/project/ManagerAccount.java</file>
            <file>file:/C:/Users/azman/OneDrive/Desktop/COE528/Project/Bank/src/coe528/project/CustomerLevel.java</file>
            <file>file:/C:/Users/azman/OneDrive/Desktop/COE528/Project/Bank/src/coe528/project/Gold.java</file>
            <file>file:/C:/Users/azman/OneDrive/Desktop/COE528/Project/Bank/src/coe528/project/Silver.java</file>
            <file>file:/C:/Users/azman/OneDrive/Desktop/COE528/Project/Bank/src/coe528/project/CustomerAccount.java</file>
            <file>file:/C:/Users/azman/OneDrive/Desktop/COE528/Project/Bank/src/coe528/project/UserAccount.java</file>
        </group>
    </open-files>
</project-private>
